TransactionID,AccountNumber,TransactionType,Amount,TransactionDate,BranchCode,Currency,TransactionTime
1,534945,Transfer,3676.690747,01-01-2023 00:00,9,GBP,11
2,574396,Deposit,3434.044325,02-01-2023 00:00,407,JPY,4
3,956076,Withdrawal,8367.147814,03-01-2023 00:00,123,USD,23
4,215793,Transfer,7043.067625,04-01-2023 00:00,458,USD,6
5,760445,Payment,9402.579334,05-01-2023 00:00,384,GBP,23
6,825810,Transfer,2888.708962,06-01-2023 00:00,153,EUR,22
7,821936,Withdrawal,9986.829735,07-01-2023 00:00,418,USD,5
8,851388,Payment,9295.623557,08-01-2023 00:00,265,JPY,2
9,827121,Withdrawal,7647.590727,09-01-2023 00:00,183,USD,12
11,541749,Transfer,2239.769199,11-01-2023 00:00,152,USD,5
12,919994,Withdrawal,3613.146468,12-01-2023 00:00,459,JPY,1
13,909845,Withdrawal,872.0211607,13-01-2023 00:00,181,GBP,10
14,710663,Payment,5098.613113,14-01-2023 00:00,97,USD,22
15,744360,Transfer,3384.279258,15-01-2023 00:00,90,JPY,18
16,119374,Transfer,4459.136058,16-01-2023 00:00,180,USD,10
17,635130,Withdrawal,620.6088747,17-01-2023 00:00,420,USD,3
18,614907,Payment,9930.378943,18-01-2023 00:00,384,GBP,15
19,350700,Transfer,235.8203402,19-01-2023 00:00,320,USD,4
20,257435,Transfer,1314.073178,20-01-2023 00:00,75,EUR,4
21,380950,Payment,1640.856468,21-01-2023 00:00,215,USD,16
22,125124,Deposit,1456.813392,22-01-2023 00:00,278,USD,21
24,479868,Deposit,8358.647308,24-01-2023 00:00,38,EUR,19
25,494191,Deposit,7691.922151,25-01-2023 00:00,210,USD,19
26,288509,Payment,1541.114322,26-01-2023 00:00,442,GBP,21
27,579995,Payment,1876.343712,27-01-2023 00:00,465,USD,14
28,781925,Transfer,4614.935608,28-01-2023 00:00,4,USD,7
29,528097,Withdrawal,1859.807245,29-01-2023 00:00,15,GBP,2
30,167556,Transfer,4381.776823,30-01-2023 00:00,268,EUR,6
31,686034,Payment,8287.956672,31-01-2023 00:00,323,GBP,19
32,501942,Payment,5301.637699,01-02-2023 00:00,364,EUR,8
33,890231,Withdrawal,4184.235849,02-02-2023 00:00,262,EUR,10
35,937337,Transfer,8679.334975,04-02-2023 00:00,62,USD,19
36,950280,Payment,6977.627749,05-02-2023 00:00,317,GBP,15
37,907384,Transfer,7651.593276,06-02-2023 00:00,281,GBP,12
38,710890,Withdrawal,7064.212836,07-02-2023 00:00,282,EUR,2
39,319243,Deposit,2185.776333,08-02-2023 00:00,255,GBP,5
40,394174,Transfer,9569.31446,09-02-2023 00:00,206,EUR,6
41,192126,Transfer,9257.407808,10-02-2023 00:00,61,JPY,11
43,975629,Payment,268.9830819,12-02-2023 00:00,192,EUR,15
45,109915,Deposit,1381.125598,14-02-2023 00:00,261,USD,11
47,401469,Payment,1198.858146,16-02-2023 00:00,458,EUR,7
49,235933,Transfer,8612.498797,18-02-2023 00:00,309,USD,2
50,366098,Payment,6726.800259,19-02-2023 00:00,340,EUR,10
51,610886,Deposit,6787.917763,20-02-2023 00:00,310,EUR,15
52,936946,Withdrawal,9710.902847,21-02-2023 00:00,289,GBP,13
54,648500,Withdrawal,1454.858539,23-02-2023 00:00,378,GBP,22
56,107588,Deposit,2572.433479,25-02-2023 00:00,229,USD,21
57,377515,Transfer,9475.612585,26-02-2023 00:00,225,EUR,14
60,369204,Transfer,4011.018399,01-03-2023 00:00,46,USD,21
61,711487,Payment,5958.219763,02-03-2023 00:00,342,EUR,16
62,613253,Deposit,5748.938847,03-03-2023 00:00,43,JPY,23
63,801052,Payment,6355.197799,04-03-2023 00:00,491,JPY,20
64,600157,Transfer,830.4422157,05-03-2023 00:00,18,GBP,1
65,218804,Withdrawal,9077.201166,06-03-2023 00:00,319,JPY,8
66,834035,Payment,2642.102566,07-03-2023 00:00,307,GBP,22
68,930814,Payment,632.7942748,09-03-2023 00:00,188,EUR,2
70,489292,Deposit,5648.988595,11-03-2023 00:00,381,EUR,10
71,250484,Withdrawal,7291.622139,12-03-2023 00:00,407,EUR,11
72,547257,Transfer,426.8326456,13-03-2023 00:00,169,JPY,1
73,730378,Deposit,8590.010903,14-03-2023 00:00,308,GBP,11
74,925299,Withdrawal,8838.602084,15-03-2023 00:00,374,USD,6
75,752678,Payment,6189.476543,16-03-2023 00:00,246,USD,14
76,794774,Transfer,6841.48102,17-03-2023 00:00,333,EUR,5
77,124845,Deposit,7150.561615,18-03-2023 00:00,187,USD,20
78,820202,Payment,8541.982754,19-03-2023 00:00,368,USD,2
79,733075,Withdrawal,6025.273992,20-03-2023 00:00,269,EUR,12
81,478475,Payment,2932.226394,22-03-2023 00:00,4,JPY,22
83,859997,Payment,6624.993448,24-03-2023 00:00,141,USD,16
84,422499,Withdrawal,7551.768347,25-03-2023 00:00,82,JPY,6
85,488440,Transfer,1843.046579,26-03-2023 00:00,162,JPY,8
86,879077,Transfer,6748.431013,27-03-2023 00:00,336,EUR,12
88,841566,Withdrawal,4585.681722,29-03-2023 00:00,171,GBP,14
89,182086,Payment,3781.166282,30-03-2023 00:00,5,USD,13
90,282848,Payment,9143.825648,31-03-2023 00:00,125,USD,13
91,555445,Withdrawal,4490.072697,01-04-2023 00:00,166,USD,7
93,933728,Transfer,6770.123533,03-04-2023 00:00,248,JPY,23
95,100268,Withdrawal,7024.74983,05-04-2023 00:00,95,EUR,4
96,232531,Withdrawal,9495.199501,06-04-2023 00:00,113,JPY,5
97,545627,Withdrawal,240.9702096,07-04-2023 00:00,394,EUR,4
98,109474,Transfer,3691.585534,08-04-2023 00:00,358,USD,10
99,992035,Payment,6769.080393,09-04-2023 00:00,194,JPY,19
100,168462,Transfer,9974.066747,10-04-2023 00:00,166,JPY,20
101,536128,Transfer,9779.908977,11-04-2023 00:00,284,GBP,11
102,842559,Withdrawal,1680.854919,12-04-2023 00:00,499,GBP,2
103,875193,Payment,2441.007402,13-04-2023 00:00,247,EUR,4
104,803319,Payment,6464.050721,14-04-2023 00:00,263,GBP,11
105,102194,Withdrawal,5837.396475,15-04-2023 00:00,447,EUR,19
106,246136,Deposit,6148.597661,16-04-2023 00:00,444,USD,19
107,640162,Deposit,8921.530049,17-04-2023 00:00,219,EUR,9
108,474054,Payment,3027.280431,18-04-2023 00:00,294,GBP,18
109,164039,Deposit,8069.034746,19-04-2023 00:00,268,GBP,8
110,479052,Withdrawal,4061.149496,20-04-2023 00:00,93,GBP,22
111,591704,Payment,7949.74522,21-04-2023 00:00,291,JPY,6
112,160085,Transfer,1410.725093,22-04-2023 00:00,145,EUR,13
114,511482,Transfer,8060.960031,24-04-2023 00:00,178,GBP,17
115,631617,Withdrawal,6866.588696,25-04-2023 00:00,423,N/A,20
116,720795,Payment,4842.990401,26-04-2023 00:00,478,GBP,4
117,491233,Transfer,4862.80364,27-04-2023 00:00,308,JPY,16
118,546811,Transfer,3313.913048,28-04-2023 00:00,275,USD,23
119,664674,Transfer,8885.08674,29-04-2023 00:00,181,GBP,7
121,508418,Deposit,3742.545671,01-05-2023 00:00,412,EUR,4
122,254514,Transfer,1660.97893,02-05-2023 00:00,453,JPY,12
123,860035,Payment,5037.65665,03-05-2023 00:00,295,USD,2
124,163107,Deposit,7614.219459,04-05-2023 00:00,33,GBP,16
125,306082,Payment,2632.932881,05-05-2023 00:00,134,EUR,3
126,327017,Transfer,6265.168247,06-05-2023 00:00,229,JPY,10
127,795109,Deposit,6322.47147,07-05-2023 00:00,414,USD,3
128,278036,Deposit,9704.282013,08-05-2023 00:00,224,USD,11
129,952259,Withdrawal,7571.267221,09-05-2023 00:00,70,JPY,18
130,152568,Payment,4759.835887,10-05-2023 00:00,485,EUR,23
131,830129,Withdrawal,1373.556462,11-05-2023 00:00,18,EUR,18
132,340533,Payment,279.5487798,12-05-2023 00:00,487,USD,18
133,473801,Deposit,1629.367407,13-05-2023 00:00,136,GBP,8
134,972463,Transfer,8033.078256,14-05-2023 00:00,294,USD,9
135,771011,Transfer,8230.232134,15-05-2023 00:00,162,USD,12
136,679169,Payment,3177.033693,16-05-2023 00:00,331,GBP,22
137,539827,Deposit,6746.828728,17-05-2023 00:00,32,EUR,17
138,995615,Payment,3121.739034,18-05-2023 00:00,280,EUR,3
140,257222,Withdrawal,3191.784466,20-05-2023 00:00,57,EUR,13
141,309277,Withdrawal,2884.113406,21-05-2023 00:00,324,JPY,22
143,439467,Deposit,3945.01286,23-05-2023 00:00,3,JPY,10
144,390421,Transfer,6864.73194,24-05-2023 00:00,405,JPY,11
145,105468,Payment,5783.725459,25-05-2023 00:00,18,EUR,3
147,553637,Transfer,8664.440534,27-05-2023 00:00,441,GBP,5
148,857976,Transfer,8963.977851,28-05-2023 00:00,12,GBP,2
149,697263,Transfer,8229.471051,29-05-2023 00:00,166,USD,5
150,755110,Payment,1917.61191,30-05-2023 00:00,310,EUR,15
151,248540,Payment,450.3922088,31-05-2023 00:00,17,GBP,8
152,581771,Transfer,5307.329967,01-06-2023 00:00,285,EUR,22
153,825566,Deposit,1339.205975,02-06-2023 00:00,336,GBP,15
155,290741,Deposit,933.7832787,04-06-2023 00:00,210,JPY,17
156,944863,Transfer,7494.681449,05-06-2023 00:00,339,USD,4
157,500508,Payment,9105.964893,06-06-2023 00:00,137,USD,13
158,197475,Payment,9685.328799,07-06-2023 00:00,392,JPY,23
159,742143,Deposit,5750.959998,08-06-2023 00:00,41,USD,22
160,474083,Deposit,9096.329198,09-06-2023 00:00,396,EUR,6
162,140388,Payment,8709.350408,11-06-2023 00:00,297,EUR,4
163,130174,Withdrawal,4117.205059,12-06-2023 00:00,410,JPY,23
164,320218,Payment,9845.758092,13-06-2023 00:00,332,GBP,12
165,664844,Withdrawal,5829.595987,14-06-2023 00:00,479,USD,22
166,380815,Withdrawal,7310.189497,15-06-2023 00:00,402,GBP,9
167,566565,Withdrawal,5175.828462,16-06-2023 00:00,271,EUR,21
168,487972,Deposit,3293.488676,17-06-2023 00:00,52,USD,13
169,670220,Payment,5900.606731,18-06-2023 00:00,37,USD,11
170,199241,Deposit,3295.460921,19-06-2023 00:00,250,GBP,11
171,438736,Payment,3377.736517,20-06-2023 00:00,204,USD,13
172,364822,Transfer,6680.244719,21-06-2023 00:00,159,GBP,6
173,398757,Deposit,1445.056363,22-06-2023 00:00,28,USD,1
174,485394,Payment,157.5316237,23-06-2023 00:00,427,USD,7
175,626497,Deposit,398.2101928,24-06-2023 00:00,23,EUR,4
176,424660,Withdrawal,8714.276041,25-06-2023 00:00,15,JPY,12
177,717314,Transfer,4692.204891,26-06-2023 00:00,404,USD,3
178,243295,Payment,965.7123717,27-06-2023 00:00,99,JPY,18
179,231592,Payment,5448.721195,28-06-2023 00:00,147,EUR,3
180,341941,Transfer,8810.850873,29-06-2023 00:00,144,GBP,5
181,743198,Payment,712.3697944,30-06-2023 00:00,495,GBP,4
182,854690,Payment,374.7954731,01-07-2023 00:00,287,USD,4
183,669707,Transfer,3826.368471,02-07-2023 00:00,456,GBP,6
184,385921,Transfer,4622.859974,03-07-2023 00:00,111,GBP,12
185,713728,Deposit,5504.597819,04-07-2023 00:00,50,JPY,21
186,315254,Deposit,734.3520034,05-07-2023 00:00,129,USD,12
187,664775,Withdrawal,4926.984786,06-07-2023 00:00,146,EUR,16
188,509971,Deposit,4750.239509,07-07-2023 00:00,197,USD,1
191,455743,Transfer,3394.917697,10-07-2023 00:00,497,USD,12
192,697456,Payment,6840.043758,11-07-2023 00:00,386,EUR,18
193,612423,Payment,7524.181935,12-07-2023 00:00,418,GBP,10
194,612737,Withdrawal,3285.522774,13-07-2023 00:00,265,GBP,8
195,557977,Withdrawal,4387.552202,14-07-2023 00:00,164,EUR,1
196,595355,Deposit,9793.130713,15-07-2023 00:00,238,USD,4
197,996071,Payment,6412.425383,16-07-2023 00:00,390,JPY,17
198,959316,Withdrawal,9109.58329,17-07-2023 00:00,184,EUR,16
199,615922,Withdrawal,3976.125541,18-07-2023 00:00,207,EUR,15
200,718115,Deposit,8132.659764,19-07-2023 00:00,243,GBP,11
201,971702,Withdrawal,8719.24869,20-07-2023 00:00,331,GBP,10
202,653358,Deposit,7012.146629,21-07-2023 00:00,466,JPY,22
203,983391,Deposit,5926.327466,22-07-2023 00:00,417,GBP,7
205,541510,Transfer,2564.441379,24-07-2023 00:00,458,JPY,7
206,934299,Withdrawal,6202.361316,25-07-2023 00:00,81,EUR,8
207,717169,Transfer,3708.5051,26-07-2023 00:00,85,JPY,23
208,902774,Transfer,6945.484501,27-07-2023 00:00,118,JPY,11
210,458817,Transfer,2392.921228,29-07-2023 00:00,489,JPY,14
211,946555,Deposit,6214.152792,30-07-2023 00:00,272,EUR,21
212,795997,Deposit,3395.076084,31-07-2023 00:00,340,JPY,13
213,239717,Withdrawal,3015.580097,01-08-2023 00:00,241,USD,23
214,315929,Withdrawal,7171.722246,02-08-2023 00:00,193,GBP,10
215,527947,Payment,8650.246766,03-08-2023 00:00,9,GBP,16
217,273833,Transfer,9746.654923,05-08-2023 00:00,424,GBP,16
218,284295,Deposit,3091.443163,06-08-2023 00:00,47,EUR,2
219,137059,Transfer,655.5334673,07-08-2023 00:00,319,EUR,7
220,584733,Withdrawal,3547.568556,08-08-2023 00:00,155,GBP,23
221,100876,Deposit,2276.304869,09-08-2023 00:00,48,JPY,7
222,959008,Payment,199.2692961,10-08-2023 00:00,30,GBP,10
223,807480,Withdrawal,3197.433326,11-08-2023 00:00,76,USD,3
224,592557,Payment,2129.401882,12-08-2023 00:00,254,JPY,3
225,845733,Deposit,9835.089995,13-08-2023 00:00,9,USD,15
226,798753,Withdrawal,5772.985031,14-08-2023 00:00,49,JPY,22
227,300103,Transfer,2849.891905,15-08-2023 00:00,347,GBP,5
228,236383,Withdrawal,5169.790555,16-08-2023 00:00,343,EUR,17
229,431346,Withdrawal,8314.051473,17-08-2023 00:00,34,GBP,14
230,944342,Deposit,3333.937185,18-08-2023 00:00,7,JPY,18
231,889433,Deposit,452.5585464,19-08-2023 00:00,92,JPY,7
232,935337,Deposit,6350.644242,20-08-2023 00:00,398,EUR,7
233,158105,Deposit,6286.557908,21-08-2023 00:00,249,EUR,15
234,951910,Payment,2153.287689,22-08-2023 00:00,448,GBP,12
235,875648,Withdrawal,2122.914568,23-08-2023 00:00,479,EUR,15
236,127491,Deposit,3009.429507,24-08-2023 00:00,350,USD,21
237,280534,Transfer,3806.790396,25-08-2023 00:00,418,USD,6
238,195020,Payment,4443.844286,26-08-2023 00:00,370,GBP,5
239,379644,Transfer,979.4314251,27-08-2023 00:00,267,USD,16
240,493503,Withdrawal,8510.720397,28-08-2023 00:00,90,USD,13
241,712210,Deposit,7225.466499,29-08-2023 00:00,230,JPY,17
242,654852,Transfer,3838.476754,30-08-2023 00:00,235,JPY,17
243,766598,Deposit,7424.634481,31-08-2023 00:00,384,JPY,9
244,809611,Payment,2759.632035,01-09-2023 00:00,254,EUR,10
246,284255,Deposit,2235.200122,03-09-2023 00:00,486,JPY,10
247,376069,Payment,3440.14475,04-09-2023 00:00,142,JPY,8
248,623976,Deposit,4734.73908,05-09-2023 00:00,353,JPY,16
249,310171,Payment,7678.898602,06-09-2023 00:00,219,JPY,17
250,410827,Deposit,2272.459866,07-09-2023 00:00,149,JPY,14
251,817886,Withdrawal,6481.899524,08-09-2023 00:00,479,JPY,10
252,673166,Withdrawal,5692.535564,09-09-2023 00:00,276,EUR,12
253,805682,Transfer,170.5474325,10-09-2023 00:00,409,EUR,6
255,985593,Transfer,6712.920473,12-09-2023 00:00,478,USD,17
256,646021,Deposit,9431.697386,13-09-2023 00:00,328,EUR,10
257,641070,Withdrawal,7053.217837,14-09-2023 00:00,260,GBP,21
258,545058,Deposit,3823.400576,15-09-2023 00:00,141,USD,6
259,326344,Transfer,6859.555498,16-09-2023 00:00,409,USD,14
260,119118,Payment,6778.856875,17-09-2023 00:00,479,USD,17
261,169383,Deposit,3931.877787,18-09-2023 00:00,417,EUR,14
262,303489,Deposit,4247.477606,19-09-2023 00:00,7,USD,2
263,501846,Withdrawal,5310.88669,20-09-2023 00:00,309,JPY,23
265,710375,Deposit,5799.313306,22-09-2023 00:00,77,EUR,6
266,899236,Deposit,8923.727492,23-09-2023 00:00,349,EUR,11
267,855124,Payment,3326.100532,24-09-2023 00:00,21,EUR,5
268,758095,Payment,7364.230853,25-09-2023 00:00,225,EUR,12
269,303233,Payment,2689.323521,26-09-2023 00:00,222,EUR,15
270,202666,Payment,5419.044817,27-09-2023 00:00,83,N/A,23
271,621849,Payment,6993.07387,28-09-2023 00:00,406,USD,3
272,421982,Payment,3325.021434,29-09-2023 00:00,63,GBP,19
273,873344,Deposit,9093.669335,30-09-2023 00:00,94,GBP,10
274,641674,Payment,3929.371297,01-10-2023 00:00,247,GBP,14
275,752140,Withdrawal,4827.759357,02-10-2023 00:00,422,GBP,6
276,400753,Deposit,1428.220669,03-10-2023 00:00,217,EUR,4
277,306606,Deposit,2626.899244,04-10-2023 00:00,65,USD,18
278,153808,Deposit,8110.569253,05-10-2023 00:00,60,JPY,18
279,816140,Deposit,888.2766562,06-10-2023 00:00,104,JPY,19
280,483271,Deposit,4416.662224,07-10-2023 00:00,436,EUR,5
281,107687,Deposit,3424.258497,08-10-2023 00:00,337,JPY,13
282,740062,Transfer,8686.53416,09-10-2023 00:00,23,EUR,10
283,200570,Deposit,5048.22605,10-10-2023 00:00,12,USD,3
284,764043,Deposit,7508.402042,11-10-2023 00:00,201,EUR,20
285,528230,Transfer,8021.363413,12-10-2023 00:00,499,GBP,11
286,593137,Transfer,3358.131148,13-10-2023 00:00,197,USD,8
287,278581,Payment,9024.496975,14-10-2023 00:00,368,GBP,21
288,682076,Transfer,3280.309441,15-10-2023 00:00,439,EUR,15
289,764728,Withdrawal,9701.339675,16-10-2023 00:00,303,USD,12
290,261457,Deposit,4875.615886,17-10-2023 00:00,145,USD,5
291,369104,Transfer,6293.380184,18-10-2023 00:00,28,JPY,18
292,729216,Deposit,8833.059751,19-10-2023 00:00,33,USD,2
293,452361,Deposit,2849.006204,20-10-2023 00:00,370,USD,19
294,332443,Payment,2910.868879,21-10-2023 00:00,443,JPY,15
296,691855,Payment,9313.289369,23-10-2023 00:00,232,JPY,18
297,275654,Deposit,1324.813753,24-10-2023 00:00,47,GBP,20
298,949183,Deposit,3239.545287,25-10-2023 00:00,43,USD,12
299,679027,Withdrawal,3572.309023,26-10-2023 00:00,486,USD,2
303,233172,Withdrawal,3347.813849,30-10-2023 00:00,309,USD,11
304,370444,Deposit,8746.47028,31-10-2023 00:00,298,GBP,11
307,690503,Payment,5140.950308,03-11-2023 00:00,250,JPY,13
309,988817,Payment,7550.264805,05-11-2023 00:00,453,JPY,2
310,988691,Withdrawal,9831.254764,06-11-2023 00:00,381,GBP,17
312,855270,Transfer,2754.533803,08-11-2023 00:00,83,GBP,11
313,164045,Payment,6180.374498,09-11-2023 00:00,117,JPY,22
314,802815,Withdrawal,2804.149708,10-11-2023 00:00,489,GBP,1
315,990272,Deposit,5600.752069,11-11-2023 00:00,433,EUR,7
316,809549,Withdrawal,1139.391349,12-11-2023 00:00,213,USD,17
317,913072,Transfer,9500.168239,13-11-2023 00:00,429,JPY,23
318,205576,Transfer,3336.785034,14-11-2023 00:00,327,GBP,15
320,339215,Deposit,7398.314865,16-11-2023 00:00,70,USD,16
321,546973,Transfer,7108.071757,17-11-2023 00:00,492,JPY,15
322,727250,Deposit,3030.179322,18-11-2023 00:00,89,GBP,8
323,325217,Payment,8504.949468,19-11-2023 00:00,395,GBP,6
325,247818,Payment,3473.448529,21-11-2023 00:00,415,USD,18
326,848392,Payment,6584.628187,22-11-2023 00:00,427,GBP,12
327,357487,Transfer,3637.894278,23-11-2023 00:00,264,EUR,20
329,652506,Deposit,2601.598344,25-11-2023 00:00,71,GBP,15
330,910186,Withdrawal,1885.575875,26-11-2023 00:00,216,EUR,1
331,931922,Payment,2793.312313,27-11-2023 00:00,224,EUR,8
332,695220,Payment,1641.573275,28-11-2023 00:00,256,USD,8
333,104796,Payment,1672.422546,29-11-2023 00:00,306,EUR,5
334,611355,Payment,5761.256351,30-11-2023 00:00,360,USD,14
335,314513,Transfer,3130.723634,01-12-2023 00:00,484,GBP,10
336,821592,Transfer,2518.989138,02-12-2023 00:00,23,JPY,19
337,324280,Transfer,3392.938305,03-12-2023 00:00,486,JPY,14
338,616367,Withdrawal,6273.313632,04-12-2023 00:00,156,EUR,17
339,302619,Deposit,2318.881023,05-12-2023 00:00,462,USD,20
340,836368,Deposit,3142.309479,06-12-2023 00:00,99,GBP,11
341,624735,Transfer,8563.531419,07-12-2023 00:00,359,GBP,4
342,814981,Transfer,2561.874764,08-12-2023 00:00,415,EUR,15
343,539316,Deposit,2308.446104,09-12-2023 00:00,247,GBP,11
344,901962,Payment,9590.223955,10-12-2023 00:00,78,JPY,15
345,139364,Payment,1474.591262,11-12-2023 00:00,390,GBP,20
347,104716,Withdrawal,9667.026008,13-12-2023 00:00,126,EUR,14
348,521287,Withdrawal,9202.673358,14-12-2023 00:00,493,GBP,23
349,326789,Transfer,7638.238891,15-12-2023 00:00,160,JPY,15
350,783441,Withdrawal,2420.845534,16-12-2023 00:00,132,USD,7
351,271216,Transfer,4181.805777,17-12-2023 00:00,10,EUR,2
352,169900,Payment,1929.829453,18-12-2023 00:00,324,JPY,4
353,247696,Transfer,2322.670933,19-12-2023 00:00,379,USD,3
355,468000,Transfer,145.692845,21-12-2023 00:00,371,JPY,4
357,206174,Withdrawal,5152.50052,23-12-2023 00:00,131,EUR,1
359,967018,Deposit,1123.435334,25-12-2023 00:00,144,EUR,1
360,991737,Transfer,9099.624044,26-12-2023 00:00,395,EUR,4
361,724712,Payment,4694.874889,27-12-2023 00:00,153,N/A,22
362,228352,Transfer,9663.183318,28-12-2023 00:00,347,JPY,7
363,950770,Transfer,1150.374605,29-12-2023 00:00,460,EUR,19
364,250802,Transfer,6238.374296,30-12-2023 00:00,1,EUR,14
365,719629,Deposit,4583.229892,31-12-2023 00:00,154,EUR,7
366,290842,Transfer,3912.297353,01-01-2024 00:00,105,EUR,10
367,152932,Payment,8567.332279,02-01-2024 00:00,134,GBP,8
368,750787,Withdrawal,9732.013245,03-01-2024 00:00,230,GBP,19
369,196646,Deposit,5527.46774,04-01-2024 00:00,369,N/A,15
370,559443,Transfer,4832.670806,05-01-2024 00:00,452,JPY,15
371,109038,Deposit,6479.709348,06-01-2024 00:00,376,GBP,13
372,174120,Transfer,1593.711079,07-01-2024 00:00,491,GBP,5
373,505639,Transfer,5504.244669,08-01-2024 00:00,27,USD,15
375,815817,Withdrawal,5609.27698,10-01-2024 00:00,201,USD,13
376,612670,Withdrawal,3026.092423,11-01-2024 00:00,322,JPY,13
377,887809,Payment,2368.100105,12-01-2024 00:00,167,EUR,23
378,683053,Payment,4406.978285,13-01-2024 00:00,354,JPY,21
379,578371,Withdrawal,4148.540153,14-01-2024 00:00,22,EUR,18
380,343139,Deposit,5627.505527,15-01-2024 00:00,17,EUR,8
381,736154,Withdrawal,1542.24344,16-01-2024 00:00,390,USD,23
382,690299,Payment,9707.143735,17-01-2024 00:00,288,USD,2
383,341112,Payment,7552.681377,18-01-2024 00:00,466,JPY,22
384,700400,Transfer,2417.36799,19-01-2024 00:00,310,GBP,4
385,220607,Deposit,719.4031799,20-01-2024 00:00,373,GBP,20
386,232056,Transfer,7435.48396,21-01-2024 00:00,413,EUR,16
387,788166,Withdrawal,7429.631417,22-01-2024 00:00,136,EUR,21
388,167736,Payment,8663.423052,23-01-2024 00:00,305,EUR,3
389,433677,Transfer,4792.494168,24-01-2024 00:00,242,GBP,5
390,845279,Deposit,3352.840633,25-01-2024 00:00,167,JPY,22
391,436828,Withdrawal,7656.105749,26-01-2024 00:00,275,GBP,13
392,772662,Payment,2990.195205,27-01-2024 00:00,169,GBP,5
393,356567,Transfer,239.6675296,28-01-2024 00:00,224,EUR,6
394,798998,Payment,8493.915611,29-01-2024 00:00,131,JPY,4
395,717964,Payment,3394.392001,30-01-2024 00:00,361,EUR,15
396,463702,Transfer,9267.143543,31-01-2024 00:00,211,USD,14
397,961561,Withdrawal,824.2893017,01-02-2024 00:00,232,EUR,15
398,489894,Payment,5697.258192,02-02-2024 00:00,473,JPY,17
399,784085,Transfer,6225.932134,03-02-2024 00:00,413,EUR,2
400,791852,Withdrawal,7351.30255,04-02-2024 00:00,319,JPY,7
401,702068,Payment,4877.76756,05-02-2024 00:00,322,JPY,19
403,491658,Withdrawal,5263.437242,07-02-2024 00:00,117,EUR,20
404,332804,Transfer,1737.893107,08-02-2024 00:00,205,JPY,11
405,653729,Payment,3801.39167,09-02-2024 00:00,362,USD,16
406,747722,Payment,985.8435009,10-02-2024 00:00,196,USD,21
407,948190,Withdrawal,7553.601174,11-02-2024 00:00,116,USD,17
408,807233,Deposit,6409.515385,12-02-2024 00:00,109,GBP,14
409,194028,Payment,9480.473865,13-02-2024 00:00,367,JPY,9
410,470701,Deposit,2436.083529,14-02-2024 00:00,210,GBP,22
411,190031,Deposit,2063.709834,15-02-2024 00:00,109,EUR,2
412,647981,Payment,9887.543775,16-02-2024 00:00,247,EUR,21
413,875740,Transfer,9985.65239,17-02-2024 00:00,88,EUR,2
414,370251,Transfer,900.6970438,18-02-2024 00:00,306,USD,5
415,826341,Transfer,8642.332235,19-02-2024 00:00,290,EUR,4
416,871591,Deposit,7167.500613,20-02-2024 00:00,396,GBP,11
417,648353,Withdrawal,6806.625477,21-02-2024 00:00,396,GBP,8
418,894079,Payment,9196.783645,22-02-2024 00:00,167,EUR,4
419,119466,Deposit,9304.083669,23-02-2024 00:00,439,JPY,12
420,495448,Withdrawal,7519.042213,24-02-2024 00:00,231,USD,22
421,953429,Withdrawal,9498.467937,25-02-2024 00:00,470,JPY,2
422,541459,Deposit,208.4042599,26-02-2024 00:00,405,EUR,1
423,694043,Payment,3595.678418,27-02-2024 00:00,53,EUR,4
424,313522,Payment,4106.042039,28-02-2024 00:00,34,USD,15
426,450020,Withdrawal,2710.075745,01-03-2024 00:00,239,GBP,21
427,655084,Payment,3290.243482,02-03-2024 00:00,497,JPY,16
428,865289,Payment,1075.296673,03-03-2024 00:00,165,GBP,16
429,953005,Transfer,7551.917354,04-03-2024 00:00,57,USD,12
430,734519,Transfer,345.045581,05-03-2024 00:00,97,USD,16
431,231752,Deposit,9487.114611,06-03-2024 00:00,354,EUR,15
432,401510,Withdrawal,5459.551353,07-03-2024 00:00,372,GBP,2
434,698483,Withdrawal,701.9775899,09-03-2024 00:00,404,GBP,9
435,561648,Withdrawal,6832.649556,10-03-2024 00:00,47,USD,15
436,839173,Transfer,3390.276697,11-03-2024 00:00,190,USD,7
437,771223,Deposit,3055.680612,12-03-2024 00:00,473,USD,2
438,940376,Transfer,4989.485096,13-03-2024 00:00,286,USD,11
439,370725,Withdrawal,8708.871521,14-03-2024 00:00,398,JPY,8
440,161495,Payment,4827.493909,15-03-2024 00:00,210,EUR,10
442,498136,Transfer,1866.537162,17-03-2024 00:00,31,JPY,7
443,587579,Transfer,5195.180055,18-03-2024 00:00,392,GBP,23
444,242551,Transfer,6135.76222,19-03-2024 00:00,217,JPY,18
445,945486,Deposit,6529.313456,20-03-2024 00:00,380,JPY,7
446,887245,Transfer,3406.457341,21-03-2024 00:00,410,EUR,20
448,582701,Deposit,7932.853282,23-03-2024 00:00,90,EUR,8
449,879612,Payment,9091.179705,24-03-2024 00:00,328,EUR,19
450,885824,Deposit,7901.783564,25-03-2024 00:00,38,USD,15
451,232728,Withdrawal,4584.985329,26-03-2024 00:00,206,JPY,12
453,610011,Deposit,6817.254941,28-03-2024 00:00,149,EUR,12
454,859112,Withdrawal,3875.274694,29-03-2024 00:00,133,USD,19
455,834282,Withdrawal,8787.647281,30-03-2024 00:00,127,GBP,22
456,393763,Transfer,4697.120215,31-03-2024 00:00,84,USD,6
457,804679,Withdrawal,3648.692988,01-04-2024 00:00,417,GBP,18
458,659057,Transfer,722.8223398,02-04-2024 00:00,252,USD,2
459,101574,Transfer,8392.162441,03-04-2024 00:00,344,EUR,13
460,731899,Transfer,446.4642976,04-04-2024 00:00,362,GBP,8
461,606765,Deposit,8751.320201,05-04-2024 00:00,399,EUR,11
462,418213,Transfer,7992.016718,06-04-2024 00:00,349,JPY,6
463,794053,Deposit,481.9152855,07-04-2024 00:00,296,EUR,21
465,802938,Transfer,3381.934288,09-04-2024 00:00,472,EUR,16
466,979666,Payment,3587.652254,10-04-2024 00:00,477,USD,4
467,860006,Deposit,5130.008105,11-04-2024 00:00,316,JPY,5
469,151108,Withdrawal,9302.707201,13-04-2024 00:00,456,JPY,8
470,950146,Withdrawal,8482.31381,14-04-2024 00:00,71,GBP,15
471,453812,Transfer,3272.888603,15-04-2024 00:00,199,JPY,14
473,861903,Deposit,1571.095322,17-04-2024 00:00,285,USD,15
475,656347,Transfer,2214.610473,19-04-2024 00:00,259,USD,12
476,170990,Withdrawal,7115.543835,20-04-2024 00:00,442,GBP,9
477,912337,Withdrawal,6677.806398,21-04-2024 00:00,312,USD,7
479,993875,Withdrawal,9531.710542,23-04-2024 00:00,450,JPY,19
480,713631,Transfer,1756.928806,24-04-2024 00:00,435,GBP,5
481,299893,Transfer,8296.143162,25-04-2024 00:00,497,GBP,16
482,417627,Transfer,3664.079449,26-04-2024 00:00,282,EUR,9
483,833513,Payment,1832.717818,27-04-2024 00:00,232,EUR,12
484,222498,Deposit,6576.756902,28-04-2024 00:00,382,EUR,7
485,892138,Payment,8112.537977,29-04-2024 00:00,186,GBP,1
486,645634,Transfer,3729.763999,30-04-2024 00:00,15,GBP,1
487,240262,Payment,5741.310395,01-05-2024 00:00,1,GBP,18
488,590599,Withdrawal,8048.151709,02-05-2024 00:00,349,USD,21
489,571485,Withdrawal,5786.150844,03-05-2024 00:00,440,GBP,20
490,931618,Withdrawal,175.9359204,04-05-2024 00:00,404,EUR,18
491,334321,Payment,6189.313757,05-05-2024 00:00,391,EUR,14
492,207167,Withdrawal,7494.176646,06-05-2024 00:00,496,JPY,8
493,764347,Deposit,7810.352667,07-05-2024 00:00,396,EUR,17
494,628322,Deposit,2857.89429,08-05-2024 00:00,16,JPY,8
495,344720,Withdrawal,7535.909914,09-05-2024 00:00,328,USD,13
496,394891,Deposit,5428.48019,10-05-2024 00:00,177,USD,2
497,579616,Withdrawal,3506.648186,11-05-2024 00:00,3,GBP,10
498,449205,Withdrawal,4673.87609,12-05-2024 00:00,125,GBP,1
499,762548,Transfer,1341.302265,13-05-2024 00:00,423,EUR,16
500,323532,Withdrawal,8800.114399,14-05-2024 00:00,369,EUR,7
501,920011,Deposit,1944.38477,15-05-2024 00:00,236,USD,7
502,367523,Deposit,5838.140497,16-05-2024 00:00,465,JPY,6
503,147377,Transfer,3553.309126,17-05-2024 00:00,264,USD,11
504,819952,Deposit,5241.261014,18-05-2024 00:00,131,JPY,21
505,148155,Deposit,3879.130136,19-05-2024 00:00,359,GBP,8
506,943117,Deposit,6491.804803,20-05-2024 00:00,335,USD,1
507,344741,Transfer,4769.318477,21-05-2024 00:00,155,EUR,7
508,619305,Payment,2556.035018,22-05-2024 00:00,223,USD,13
509,451536,Deposit,6111.95011,23-05-2024 00:00,323,EUR,7
510,147745,Payment,6960.625047,24-05-2024 00:00,301,JPY,14
511,731317,Transfer,6387.767,25-05-2024 00:00,66,EUR,11
512,530894,Withdrawal,3619.014017,26-05-2024 00:00,152,GBP,11
513,719248,Withdrawal,2441.924138,27-05-2024 00:00,219,GBP,1
514,629678,Deposit,664.5979367,28-05-2024 00:00,482,USD,16
515,296200,Payment,1524.754842,29-05-2024 00:00,372,USD,4
516,943383,Deposit,9374.91508,30-05-2024 00:00,248,USD,6
517,983854,Deposit,7339.448435,31-05-2024 00:00,477,EUR,21
518,372756,Transfer,7468.214323,01-06-2024 00:00,354,JPY,13
519,476299,Withdrawal,5827.454202,02-06-2024 00:00,475,USD,11
520,100406,Transfer,4825.035382,03-06-2024 00:00,171,JPY,17
522,386867,Deposit,6182.652101,05-06-2024 00:00,106,EUR,21
523,162558,Withdrawal,138.777986,06-06-2024 00:00,94,GBP,7
524,763996,Deposit,8066.329726,07-06-2024 00:00,431,JPY,10
525,748938,Deposit,8965.80197,08-06-2024 00:00,344,USD,4
526,925564,Payment,8046.398789,09-06-2024 00:00,98,EUR,18
529,740508,Withdrawal,8667.333744,12-06-2024 00:00,242,JPY,2
530,979900,Withdrawal,8687.360153,13-06-2024 00:00,88,USD,12
531,294326,Deposit,9560.231312,14-06-2024 00:00,459,GBP,15
532,658379,Deposit,9091.395484,15-06-2024 00:00,326,JPY,18
533,752415,Withdrawal,500.1313632,16-06-2024 00:00,164,GBP,1
534,159252,Deposit,8615.614248,17-06-2024 00:00,389,USD,11
535,330308,Transfer,8544.580085,18-06-2024 00:00,286,GBP,23
536,552637,Withdrawal,3882.944804,19-06-2024 00:00,222,JPY,17
537,784176,Deposit,2071.929556,20-06-2024 00:00,107,USD,22
538,163358,Withdrawal,2902.627501,21-06-2024 00:00,356,JPY,13
540,536027,Transfer,9944.657497,23-06-2024 00:00,55,EUR,12
541,576798,Payment,1618.268199,24-06-2024 00:00,495,USD,3
542,886201,Transfer,2046.348872,25-06-2024 00:00,190,EUR,19
543,987854,Deposit,5931.960307,26-06-2024 00:00,225,EUR,1
545,312536,Withdrawal,4312.124538,28-06-2024 00:00,48,USD,9
547,758374,Transfer,3693.297221,30-06-2024 00:00,179,GBP,15
548,110898,Payment,3645.449251,01-07-2024 00:00,65,GBP,7
549,645213,Withdrawal,609.6148664,02-07-2024 00:00,134,EUR,14
550,648248,Deposit,6192.495064,03-07-2024 00:00,332,EUR,17
551,282042,Payment,3053.895919,04-07-2024 00:00,109,GBP,7
552,498698,Withdrawal,2866.42896,05-07-2024 00:00,478,EUR,20
553,859186,Withdrawal,2737.119159,06-07-2024 00:00,318,JPY,14
554,855099,Transfer,9598.466043,07-07-2024 00:00,498,JPY,17
555,746629,Payment,1381.442157,08-07-2024 00:00,165,USD,18
556,632690,Transfer,201.9498463,09-07-2024 00:00,275,GBP,23
557,721588,Payment,9008.84576,10-07-2024 00:00,6,GBP,9
558,790702,Withdrawal,3128.086541,11-07-2024 00:00,52,JPY,17
559,825810,Deposit,1670.39064,12-07-2024 00:00,449,EUR,1
560,821936,Deposit,5365.859677,13-07-2024 00:00,231,JPY,20
561,851388,Transfer,7930.31422,14-07-2024 00:00,277,JPY,23
562,827121,Transfer,1835.902068,15-07-2024 00:00,232,GBP,12
563,383334,Transfer,2035.015486,16-07-2024 00:00,359,JPY,6
564,541749,Withdrawal,8151.337466,17-07-2024 00:00,376,JPY,21
565,919994,Deposit,4225.856968,18-07-2024 00:00,368,GBP,1
566,909845,Withdrawal,147.9457797,19-07-2024 00:00,91,JPY,10
567,710663,Payment,4719.321487,20-07-2024 00:00,404,USD,15
568,744360,Deposit,5526.719709,21-07-2024 00:00,162,GBP,17
569,119374,Transfer,7423.056433,22-07-2024 00:00,214,USD,7
570,635130,Payment,5199.584808,23-07-2024 00:00,346,GBP,5
571,614907,Transfer,5941.607863,24-07-2024 00:00,360,USD,22
572,350700,Transfer,2503.077363,25-07-2024 00:00,10,EUR,16
573,257435,Withdrawal,7025.454588,26-07-2024 00:00,403,JPY,19
574,380950,Withdrawal,2347.304457,27-07-2024 00:00,193,JPY,10
575,125124,Payment,4034.955392,28-07-2024 00:00,398,JPY,16
576,795889,Payment,6437.079257,29-07-2024 00:00,499,USD,1
577,479868,Deposit,9303.566495,30-07-2024 00:00,317,GBP,14
579,288509,Withdrawal,5645.30714,01-08-2024 00:00,265,JPY,13
580,579995,Deposit,1073.077143,02-08-2024 00:00,414,EUR,19
581,781925,Withdrawal,8884.290701,03-08-2024 00:00,231,GBP,6
582,528097,Deposit,992.7453221,04-08-2024 00:00,339,EUR,9
583,167556,Payment,4970.963372,05-08-2024 00:00,293,EUR,13
584,686034,Payment,3185.320658,06-08-2024 00:00,403,JPY,17
587,337008,Withdrawal,8713.034303,09-08-2024 00:00,32,USD,9
588,937337,Withdrawal,1012.160559,10-08-2024 00:00,133,USD,10
589,950280,Deposit,7919.623707,11-08-2024 00:00,57,USD,5
590,907384,Withdrawal,2983.839465,12-08-2024 00:00,232,JPY,8
591,710890,Deposit,9001.31322,13-08-2024 00:00,125,EUR,13
592,319243,Withdrawal,4559.354342,14-08-2024 00:00,93,JPY,5
593,394174,Transfer,7125.788363,15-08-2024 00:00,47,EUR,1
594,192126,Deposit,9160.411474,16-08-2024 00:00,283,USD,18
595,334892,Transfer,6418.314831,17-08-2024 00:00,477,GBP,7
596,975629,Payment,5522.873125,18-08-2024 00:00,364,EUR,4
597,197133,Withdrawal,7617.827957,19-08-2024 00:00,466,USD,8
598,109915,Transfer,3729.459874,20-08-2024 00:00,176,GBP,23
599,924918,Transfer,7954.605634,21-08-2024 00:00,163,JPY,6
600,401469,Transfer,1340.483857,22-08-2024 00:00,57,EUR,16
601,595592,Deposit,1037.19406,23-08-2024 00:00,131,EUR,9
602,235933,Withdrawal,8056.860813,24-08-2024 00:00,219,EUR,22
603,366098,Payment,9519.428955,25-08-2024 00:00,212,EUR,12
604,610886,Withdrawal,1495.20532,26-08-2024 00:00,148,EUR,18
605,936946,Withdrawal,9964.276235,27-08-2024 00:00,19,GBP,2
607,648500,Deposit,6715.20733,29-08-2024 00:00,435,EUR,8
608,926054,Payment,367.7764341,30-08-2024 00:00,179,USD,16
610,377515,Transfer,616.0454279,01-09-2024 00:00,470,JPY,23
611,485494,Transfer,4956.211919,02-09-2024 00:00,203,USD,5
612,761994,Payment,268.3848001,03-09-2024 00:00,359,USD,2
613,369204,Transfer,4418.060648,04-09-2024 00:00,335,USD,8
614,711487,Payment,9926.309086,05-09-2024 00:00,426,JPY,10
615,613253,Withdrawal,8232.319272,06-09-2024 00:00,347,USD,5
616,801052,Deposit,8170.443643,07-09-2024 00:00,490,USD,13
617,600157,Payment,5544.535159,08-09-2024 00:00,280,EUR,4
618,218804,Transfer,5263.988046,09-09-2024 00:00,283,GBP,16
619,834035,Withdrawal,3120.734964,10-09-2024 00:00,360,GBP,19
620,871727,Deposit,5020.309108,11-09-2024 00:00,278,JPY,12
621,930814,Transfer,4683.692662,12-09-2024 00:00,390,EUR,3
622,319021,Deposit,1812.958536,13-09-2024 00:00,147,JPY,20
623,489292,Withdrawal,4783.564501,14-09-2024 00:00,479,GBP,12
627,925299,Payment,1172.992637,18-09-2024 00:00,81,EUR,16
629,794774,Payment,7416.261161,20-09-2024 00:00,42,JPY,10
630,124845,Transfer,7092.705159,21-09-2024 00:00,151,JPY,22
631,820202,Transfer,3780.22088,22-09-2024 00:00,3,USD,18
632,733075,Withdrawal,5113.654673,23-09-2024 00:00,250,JPY,5
633,273481,Transfer,3127.882972,24-09-2024 00:00,438,EUR,10
634,478475,Payment,9695.040697,25-09-2024 00:00,68,USD,9
635,413035,Payment,5245.532893,26-09-2024 00:00,308,EUR,5
636,859997,Payment,6811.254146,27-09-2024 00:00,430,USD,3
637,422499,Withdrawal,761.5087559,28-09-2024 00:00,350,JPY,23
639,879077,Deposit,5007.105153,30-09-2024 00:00,33,EUR,8
641,841566,Transfer,2784.517296,02-10-2024 00:00,467,USD,10
642,182086,Payment,9987.02423,03-10-2024 00:00,206,USD,9
643,282848,Payment,1366.910323,04-10-2024 00:00,146,JPY,19
644,555445,Payment,6683.514851,05-10-2024 00:00,279,GBP,12
646,933728,Transfer,7911.127299,07-10-2024 00:00,186,JPY,5
647,583223,Deposit,6564.341919,08-10-2024 00:00,251,JPY,21
648,100268,Payment,5683.898404,09-10-2024 00:00,87,USD,23
649,232531,Transfer,516.3502856,10-10-2024 00:00,446,GBP,11
650,545627,Payment,810.8858693,11-10-2024 00:00,262,GBP,13
651,109474,Deposit,8257.265758,12-10-2024 00:00,331,JPY,15
652,992035,Transfer,9888.332256,13-10-2024 00:00,478,JPY,14
654,536128,Deposit,5388.54436,15-10-2024 00:00,385,EUR,21
655,842559,Deposit,4827.473202,16-10-2024 00:00,386,USD,15
656,875193,Withdrawal,4256.920446,17-10-2024 00:00,124,EUR,4
659,246136,Payment,3235.138051,20-10-2024 00:00,78,JPY,18
660,640162,Transfer,7910.200845,21-10-2024 00:00,452,EUR,20
661,474054,Payment,9516.097184,22-10-2024 00:00,19,JPY,14
662,164039,Payment,2665.938511,23-10-2024 00:00,181,EUR,15
663,479052,Deposit,6342.330116,24-10-2024 00:00,436,JPY,2
664,591704,Withdrawal,3437.279464,25-10-2024 00:00,354,EUR,20
665,160085,Payment,6203.73325,26-10-2024 00:00,494,GBP,4
666,560576,Payment,936.869193,27-10-2024 00:00,221,JPY,11
667,511482,Payment,455.6965154,28-10-2024 00:00,219,JPY,11
668,631617,Withdrawal,8348.332944,29-10-2024 00:00,38,JPY,18
669,720795,Payment,7176.733504,30-10-2024 00:00,353,EUR,1
670,491233,Deposit,8495.962706,31-10-2024 00:00,28,USD,7
672,664674,Withdrawal,2590.013435,02-11-2024 00:00,280,GBP,12
673,251672,Transfer,1418.818784,03-11-2024 00:00,259,JPY,21
674,508418,Transfer,1364.046909,04-11-2024 00:00,184,EUR,6
675,254514,Withdrawal,2750.620657,05-11-2024 00:00,247,JPY,3
676,860035,Deposit,6445.389561,06-11-2024 00:00,397,GBP,18
677,163107,Payment,1122.082425,07-11-2024 00:00,476,JPY,7
678,306082,Withdrawal,7894.165601,08-11-2024 00:00,347,EUR,7
679,327017,Payment,355.9707844,09-11-2024 00:00,10,EUR,10
680,795109,Transfer,5813.418308,10-11-2024 00:00,3,USD,2
681,278036,Payment,3381.238888,11-11-2024 00:00,466,USD,12
682,952259,Payment,929.0861002,12-11-2024 00:00,317,GBP,3
683,152568,Payment,6753.81888,13-11-2024 00:00,354,GBP,14
685,340533,Deposit,8729.52706,15-11-2024 00:00,112,GBP,8
686,473801,Payment,2934.392894,16-11-2024 00:00,286,GBP,2
687,972463,Withdrawal,3334.355205,17-11-2024 00:00,283,EUR,15
688,771011,Withdrawal,2761.11259,18-11-2024 00:00,239,JPY,12
689,679169,Deposit,178.881055,19-11-2024 00:00,55,EUR,1
690,539827,Payment,4737.071764,20-11-2024 00:00,466,USD,23
691,995615,Withdrawal,291.2716363,21-11-2024 00:00,317,GBP,14
692,393230,Transfer,6274.323672,22-11-2024 00:00,158,EUR,2
693,257222,Payment,7615.138136,23-11-2024 00:00,343,EUR,1
694,309277,Payment,8314.929307,24-11-2024 00:00,277,JPY,20
695,705974,Deposit,977.9642805,25-11-2024 00:00,402,GBP,21
696,439467,Transfer,4112.955354,26-11-2024 00:00,238,JPY,3
698,105468,Payment,7382.550401,28-11-2024 00:00,318,JPY,15
699,575899,Deposit,8640.480498,29-11-2024 00:00,192,GBP,10
700,553637,Deposit,8001.130621,30-11-2024 00:00,374,EUR,1
701,857976,Withdrawal,2415.451312,01-12-2024 00:00,337,EUR,11
702,697263,Transfer,4400.212079,02-12-2024 00:00,138,USD,5
703,755110,Withdrawal,7517.431666,03-12-2024 00:00,268,USD,9
705,581771,Withdrawal,6408.037211,05-12-2024 00:00,164,GBP,10
706,825566,Payment,1568.572412,06-12-2024 00:00,232,GBP,21
707,637522,Transfer,1250.228433,07-12-2024 00:00,353,EUR,21
708,290741,Payment,6050.440809,08-12-2024 00:00,442,USD,5
709,944863,Deposit,615.4075022,09-12-2024 00:00,82,EUR,15
710,500508,Withdrawal,3843.466212,10-12-2024 00:00,92,GBP,11
711,197475,Payment,3594.507351,11-12-2024 00:00,211,USD,10
712,742143,Withdrawal,1896.199135,12-12-2024 00:00,365,JPY,20
713,474083,Deposit,2320.125613,13-12-2024 00:00,197,EUR,15
714,422971,Deposit,891.8538281,14-12-2024 00:00,473,EUR,15
715,140388,Deposit,9745.658758,15-12-2024 00:00,135,JPY,16
716,130174,Deposit,5022.19916,16-12-2024 00:00,479,EUR,14
717,320218,Deposit,193.9847397,17-12-2024 00:00,437,USD,6
719,380815,Deposit,6177.790906,19-12-2024 00:00,315,GBP,21
720,566565,Deposit,7786.254802,20-12-2024 00:00,37,EUR,14
721,487972,Withdrawal,1929.032478,21-12-2024 00:00,163,EUR,8
722,670220,Transfer,551.3968992,22-12-2024 00:00,183,EUR,12
724,438736,Deposit,7951.467882,24-12-2024 00:00,320,GBP,8
725,364822,Deposit,3716.847121,25-12-2024 00:00,234,USD,23
726,398757,Deposit,436.0489202,26-12-2024 00:00,415,EUR,4
727,485394,Payment,8291.006053,27-12-2024 00:00,268,GBP,7
728,626497,Payment,6623.767089,28-12-2024 00:00,389,USD,2
729,424660,Payment,4913.585936,29-12-2024 00:00,296,USD,12
730,717314,Deposit,7866.195837,30-12-2024 00:00,498,JPY,12
731,243295,Deposit,4799.460516,31-12-2024 00:00,180,JPY,6
733,341941,Transfer,9227.162335,02-01-2025 00:00,327,EUR,6
734,743198,Transfer,9133.459581,03-01-2025 00:00,499,GBP,6
735,854690,Withdrawal,7493.688074,04-01-2025 00:00,357,USD,12
736,669707,Transfer,575.6550727,05-01-2025 00:00,250,GBP,17
737,385921,Payment,7762.367702,06-01-2025 00:00,275,USD,7
738,713728,Deposit,3637.616755,07-01-2025 00:00,247,JPY,15
739,315254,Deposit,1028.365006,08-01-2025 00:00,453,EUR,20
740,664775,Payment,294.4900553,09-01-2025 00:00,480,EUR,4
741,509971,Deposit,6573.820412,10-01-2025 00:00,262,JPY,17
742,990289,Withdrawal,4187.520048,11-01-2025 00:00,353,USD,13
743,333602,Transfer,634.0252209,12-01-2025 00:00,212,JPY,5
744,455743,Transfer,5465.23488,13-01-2025 00:00,240,USD,11
745,697456,Deposit,3008.305627,14-01-2025 00:00,382,USD,22
746,612423,Payment,6031.009501,15-01-2025 00:00,438,USD,7
747,612737,Payment,5456.442305,16-01-2025 00:00,31,GBP,5
748,557977,Transfer,4302.980718,17-01-2025 00:00,424,USD,2
749,595355,Transfer,6330.736098,18-01-2025 00:00,181,JPY,23
750,996071,Transfer,2968.118301,19-01-2025 00:00,46,JPY,21
751,959316,Transfer,8483.519988,20-01-2025 00:00,250,USD,23
752,615922,Payment,1921.151655,21-01-2025 00:00,372,JPY,16
753,718115,Transfer,5310.976849,22-01-2025 00:00,178,GBP,18
754,971702,Deposit,6999.719711,23-01-2025 00:00,376,JPY,8
755,653358,Payment,9803.079051,24-01-2025 00:00,135,JPY,21
756,983391,Withdrawal,8846.038713,25-01-2025 00:00,346,USD,19
757,925146,Withdrawal,6137.991954,26-01-2025 00:00,426,JPY,11
758,541510,Transfer,1488.782428,27-01-2025 00:00,46,JPY,10
759,934299,Deposit,1383.688396,28-01-2025 00:00,196,JPY,11
760,717169,Transfer,7400.867558,29-01-2025 00:00,166,USD,1
761,902774,Withdrawal,8907.555554,30-01-2025 00:00,175,EUR,7
762,266628,Deposit,5143.113852,31-01-2025 00:00,154,EUR,10
763,458817,Deposit,6858.826189,01-02-2025 00:00,127,GBP,16
764,946555,Withdrawal,844.1782018,02-02-2025 00:00,147,JPY,17
765,795997,Transfer,1799.887077,03-02-2025 00:00,439,EUR,1
766,239717,Transfer,6633.37364,04-02-2025 00:00,55,EUR,16
768,527947,Deposit,6477.807616,06-02-2025 00:00,24,GBP,1
769,123228,Transfer,3674.227986,07-02-2025 00:00,57,USD,9
771,284295,Payment,3664.782313,09-02-2025 00:00,48,EUR,20
772,137059,Transfer,3869.444023,10-02-2025 00:00,26,EUR,2
773,584733,Deposit,1418.263856,11-02-2025 00:00,393,USD,8
774,100876,Deposit,6406.987179,12-02-2025 00:00,4,GBP,1
776,807480,Withdrawal,7959.034921,14-02-2025 00:00,379,GBP,6
777,592557,Payment,1060.524122,15-02-2025 00:00,191,JPY,22
778,845733,Withdrawal,9088.622003,16-02-2025 00:00,451,EUR,13
779,798753,Transfer,8288.743797,17-02-2025 00:00,20,JPY,20
780,300103,Withdrawal,1454.618812,18-02-2025 00:00,257,EUR,22
781,236383,Withdrawal,2040.159214,19-02-2025 00:00,342,JPY,22
783,944342,Transfer,5217.106103,21-02-2025 00:00,376,JPY,6
784,889433,Payment,1329.69391,22-02-2025 00:00,194,EUR,13
785,935337,Deposit,9837.262218,23-02-2025 00:00,219,GBP,8
786,158105,Withdrawal,8263.505955,24-02-2025 00:00,38,USD,11
787,951910,Transfer,3909.631831,25-02-2025 00:00,265,EUR,13
788,875648,Deposit,5127.939405,26-02-2025 00:00,101,JPY,8
791,195020,Payment,9697.526354,01-03-2025 00:00,65,USD,7
792,379644,Deposit,6716.415429,02-03-2025 00:00,347,JPY,21
793,493503,Payment,4701.420384,03-03-2025 00:00,332,USD,11
794,712210,Deposit,6470.583359,04-03-2025 00:00,117,GBP,19
795,654852,Deposit,6498.74573,05-03-2025 00:00,377,JPY,4
796,766598,Deposit,6081.486146,06-03-2025 00:00,9,JPY,2
797,809611,Transfer,7194.036481,07-03-2025 00:00,65,EUR,18
798,286966,Transfer,452.4249208,08-03-2025 00:00,363,GBP,9
799,284255,Deposit,9860.181217,09-03-2025 00:00,36,EUR,10
800,376069,Withdrawal,4817.052912,10-03-2025 00:00,309,GBP,9
801,623976,Payment,4266.107713,11-03-2025 00:00,363,JPY,18
802,310171,Payment,5340.403671,12-03-2025 00:00,122,EUR,23
803,410827,Payment,7490.616624,13-03-2025 00:00,251,EUR,19
804,817886,Transfer,6492.676411,14-03-2025 00:00,170,USD,3
805,673166,Deposit,8685.851657,15-03-2025 00:00,242,EUR,21
806,805682,Transfer,4135.866151,16-03-2025 00:00,299,USD,16
807,275431,Deposit,5020.172937,17-03-2025 00:00,316,EUR,22
808,985593,Transfer,4783.919628,18-03-2025 00:00,483,GBP,18
810,641070,Deposit,1470.623091,20-03-2025 00:00,448,EUR,4
812,326344,Payment,9389.715918,22-03-2025 00:00,226,JPY,9
813,119118,Withdrawal,6533.278059,23-03-2025 00:00,142,USD,8
814,169383,Deposit,7728.32677,24-03-2025 00:00,380,EUR,8
816,501846,Withdrawal,9343.287775,26-03-2025 00:00,56,EUR,21
817,156023,Deposit,8435.735606,27-03-2025 00:00,290,EUR,11
818,710375,Transfer,3952.075341,28-03-2025 00:00,1,USD,18
819,899236,Withdrawal,5694.514689,29-03-2025 00:00,2,JPY,17
820,855124,Deposit,7990.488301,30-03-2025 00:00,424,GBP,19
821,758095,Payment,748.6300198,31-03-2025 00:00,148,USD,20
822,303233,Transfer,1625.890185,01-04-2025 00:00,392,USD,13
823,202666,Withdrawal,1569.875431,02-04-2025 00:00,12,GBP,10
824,621849,Payment,5652.39304,03-04-2025 00:00,458,JPY,6
825,421982,Deposit,2923.959067,04-04-2025 00:00,212,EUR,7
826,873344,Transfer,8859.327668,05-04-2025 00:00,136,USD,14
827,641674,Payment,6995.846427,06-04-2025 00:00,50,EUR,6
828,752140,Payment,6968.638607,07-04-2025 00:00,498,EUR,3
829,400753,Payment,2717.852443,08-04-2025 00:00,489,GBP,11
830,306606,Payment,8680.567614,09-04-2025 00:00,183,JPY,9
831,153808,Deposit,6671.900167,10-04-2025 00:00,479,JPY,14
832,816140,Deposit,3733.121856,11-04-2025 00:00,464,JPY,18
834,107687,Withdrawal,2761.894785,13-04-2025 00:00,463,EUR,11
835,740062,Transfer,231.390698,14-04-2025 00:00,197,EUR,19
836,200570,Withdrawal,8163.42817,15-04-2025 00:00,61,GBP,4
838,528230,Payment,5810.520749,17-04-2025 00:00,448,JPY,10
839,593137,Transfer,8807.904465,18-04-2025 00:00,192,USD,7
840,278581,Transfer,5605.289481,19-04-2025 00:00,246,EUR,16
841,682076,Payment,1331.228706,20-04-2025 00:00,21,EUR,11
842,764728,Withdrawal,8938.858758,21-04-2025 00:00,64,USD,19
843,261457,Withdrawal,9476.860742,22-04-2025 00:00,253,EUR,1
845,729216,Withdrawal,6823.142653,24-04-2025 00:00,51,EUR,16
846,452361,Payment,6171.082096,25-04-2025 00:00,98,GBP,23
849,691855,Deposit,4590.541401,28-04-2025 00:00,123,JPY,8
850,275654,Deposit,7100.524316,29-04-2025 00:00,61,EUR,4
851,949183,Payment,6106.115428,30-04-2025 00:00,79,USD,11
852,679027,Withdrawal,8748.085948,01-05-2025 00:00,261,USD,10
853,410628,Payment,2321.166822,02-05-2025 00:00,414,USD,3
855,118749,Withdrawal,8489.141619,04-05-2025 00:00,442,GBP,2
856,233172,Payment,3516.297539,05-05-2025 00:00,225,USD,10
857,370444,Payment,2257.580056,06-05-2025 00:00,85,EUR,1
858,825670,Transfer,7709.96783,07-05-2025 00:00,497,USD,23
859,941230,Deposit,2984.139725,08-05-2025 00:00,57,EUR,1
860,690503,Transfer,1106.20978,09-05-2025 00:00,390,USD,23
861,630163,Transfer,6354.41291,10-05-2025 00:00,361,GBP,19
862,988817,Withdrawal,7163.360472,11-05-2025 00:00,440,EUR,6
865,855270,Payment,2046.609224,14-05-2025 00:00,310,EUR,14
866,164045,Payment,2568.260511,15-05-2025 00:00,172,EUR,5
867,802815,Transfer,5861.59479,16-05-2025 00:00,358,JPY,5
868,990272,Payment,2322.693287,17-05-2025 00:00,199,GBP,11
869,809549,Withdrawal,6292.77483,18-05-2025 00:00,102,JPY,6
870,913072,Withdrawal,470.8515307,19-05-2025 00:00,36,JPY,15
871,205576,Payment,1150.932451,20-05-2025 00:00,322,USD,11
872,338593,Transfer,3433.769213,21-05-2025 00:00,346,USD,2
873,339215,Transfer,8111.234348,22-05-2025 00:00,409,JPY,22
874,546973,Withdrawal,7241.283495,23-05-2025 00:00,109,USD,17
875,727250,Withdrawal,2122.375162,24-05-2025 00:00,6,EUR,4
876,325217,Deposit,670.7798072,25-05-2025 00:00,232,JPY,8
877,629001,Withdrawal,5649.508032,26-05-2025 00:00,119,USD,9
878,247818,Withdrawal,9913.576437,27-05-2025 00:00,423,JPY,6
879,848392,Payment,5216.909194,28-05-2025 00:00,329,JPY,23
880,357487,Deposit,5778.715284,29-05-2025 00:00,105,JPY,7
881,578696,Payment,3120.966842,30-05-2025 00:00,196,USD,5
882,652506,Payment,2499.208582,31-05-2025 00:00,177,GBP,20
883,910186,Deposit,2509.224867,01-06-2025 00:00,295,EUR,4
884,931922,Deposit,6225.63246,02-06-2025 00:00,147,USD,11
885,695220,Withdrawal,5123.95408,03-06-2025 00:00,358,EUR,19
888,314513,Deposit,7648.705464,06-06-2025 00:00,163,JPY,18
889,821592,Transfer,3806.002934,07-06-2025 00:00,24,USD,22
892,302619,Deposit,4231.269407,10-06-2025 00:00,326,GBP,6
893,836368,Transfer,1755.938922,11-06-2025 00:00,85,GBP,15
894,624735,Payment,9763.234639,12-06-2025 00:00,366,JPY,15
895,814981,Withdrawal,8420.743265,13-06-2025 00:00,454,JPY,7
896,539316,Transfer,3870.767132,14-06-2025 00:00,222,EUR,15
897,901962,Deposit,7625.450508,15-06-2025 00:00,477,EUR,1
899,825214,Transfer,3370.390339,17-06-2025 00:00,306,USD,7
900,104716,Transfer,4186.624861,18-06-2025 00:00,386,EUR,9
901,521287,Payment,6765.655044,19-06-2025 00:00,234,JPY,16
902,326789,Withdrawal,413.6882214,20-06-2025 00:00,85,EUR,5
903,783441,Payment,7374.195212,21-06-2025 00:00,84,GBP,9
904,271216,Withdrawal,2645.439193,22-06-2025 00:00,278,USD,18
905,169900,Deposit,6796.923817,23-06-2025 00:00,339,JPY,16
907,777663,Withdrawal,5683.467775,25-06-2025 00:00,320,USD,20
908,468000,Transfer,8403.909624,26-06-2025 00:00,365,EUR,23
909,303093,Transfer,1150.067231,27-06-2025 00:00,405,JPY,10
910,206174,Deposit,1852.629981,28-06-2025 00:00,227,USD,4
912,967018,Payment,3772.602965,30-06-2025 00:00,496,USD,23
913,991737,Payment,5790.180717,01-07-2025 00:00,22,GBP,19
914,724712,Payment,8492.717417,02-07-2025 00:00,446,EUR,22
916,950770,Payment,7694.404543,04-07-2025 00:00,23,USD,4
917,250802,Deposit,1954.685205,05-07-2025 00:00,154,EUR,6
918,719629,Transfer,5209.950075,06-07-2025 00:00,33,EUR,21
919,290842,Deposit,4586.763935,07-07-2025 00:00,288,JPY,14
920,152932,Transfer,6207.308119,08-07-2025 00:00,260,EUR,2
922,196646,Withdrawal,3010.252932,10-07-2025 00:00,69,GBP,16
923,559443,Deposit,1191.016755,11-07-2025 00:00,370,GBP,3
926,505639,Transfer,2595.93637,14-07-2025 00:00,416,JPY,16
927,687600,Transfer,9632.248915,15-07-2025 00:00,252,GBP,22
928,815817,Withdrawal,9117.27327,16-07-2025 00:00,486,USD,16
929,612670,Payment,4530.472798,17-07-2025 00:00,463,GBP,23
930,887809,Transfer,9390.825139,18-07-2025 00:00,107,JPY,12
931,683053,Payment,3425.979278,19-07-2025 00:00,55,USD,8
932,578371,Payment,4133.629657,20-07-2025 00:00,226,JPY,2
933,343139,Transfer,3881.620891,21-07-2025 00:00,87,JPY,11
934,736154,Transfer,5132.864739,22-07-2025 00:00,112,GBP,13
935,690299,Deposit,4136.349097,23-07-2025 00:00,487,EUR,12
936,341112,Payment,899.9522648,24-07-2025 00:00,412,JPY,21
937,700400,Payment,7461.838844,25-07-2025 00:00,14,GBP,3
938,220607,Payment,3110.703709,26-07-2025 00:00,72,EUR,2
939,232056,Payment,542.388622,27-07-2025 00:00,140,USD,8
940,788166,Payment,2279.917937,28-07-2025 00:00,349,USD,23
942,433677,Withdrawal,7530.957179,30-07-2025 00:00,476,EUR,12
943,845279,Payment,8742.786707,31-07-2025 00:00,159,EUR,13
944,436828,Transfer,906.2015145,01-08-2025 00:00,402,EUR,5
945,772662,Withdrawal,8871.798104,02-08-2025 00:00,304,GBP,20
946,356567,Transfer,6897.105267,03-08-2025 00:00,207,JPY,13
947,798998,Withdrawal,5632.459974,04-08-2025 00:00,172,JPY,21
948,717964,Payment,5837.502197,05-08-2025 00:00,244,USD,15
949,463702,Withdrawal,9734.048189,06-08-2025 00:00,289,USD,9
951,489894,Transfer,470.3499759,08-08-2025 00:00,14,USD,8
952,784085,Withdrawal,5665.748552,09-08-2025 00:00,259,JPY,19
953,791852,Deposit,7146.880262,10-08-2025 00:00,290,JPY,21
954,702068,Payment,4499.024214,11-08-2025 00:00,319,JPY,20
955,442459,Deposit,408.0235437,12-08-2025 00:00,221,USD,22
956,491658,Transfer,9319.403655,13-08-2025 00:00,454,USD,22
957,332804,Transfer,4467.176862,14-08-2025 00:00,327,GBP,2
958,653729,Transfer,5285.187167,15-08-2025 00:00,423,JPY,3
959,747722,Deposit,5698.415664,16-08-2025 00:00,73,N/A,21
960,948190,Transfer,4914.860105,17-08-2025 00:00,61,USD,10
961,807233,Transfer,9454.124229,18-08-2025 00:00,130,GBP,21
962,194028,Withdrawal,5994.257857,19-08-2025 00:00,387,USD,2
963,470701,Payment,3524.861574,20-08-2025 00:00,94,USD,10
964,190031,Payment,1654.37061,21-08-2025 00:00,144,GBP,21
965,647981,Withdrawal,8276.910698,22-08-2025 00:00,385,EUR,21
966,875740,Transfer,8405.303386,23-08-2025 00:00,243,GBP,23
967,370251,Deposit,4750.615454,24-08-2025 00:00,189,USD,12
968,826341,Withdrawal,1597.083113,25-08-2025 00:00,98,GBP,12
969,871591,Withdrawal,7361.485591,26-08-2025 00:00,458,EUR,3
970,648353,Deposit,467.1740455,27-08-2025 00:00,493,JPY,17
971,894079,Deposit,2493.966914,28-08-2025 00:00,210,JPY,13
973,495448,Transfer,2306.610028,30-08-2025 00:00,241,GBP,22
974,953429,Payment,1439.244182,31-08-2025 00:00,248,JPY,12
975,541459,Payment,9460.231419,01-09-2025 00:00,431,JPY,5
976,694043,Payment,975.3279136,02-09-2025 00:00,269,USD,20
980,655084,Withdrawal,4632.958177,06-09-2025 00:00,107,GBP,13
981,865289,Transfer,2152.577441,07-09-2025 00:00,327,JPY,1
982,953005,Payment,1360.644239,08-09-2025 00:00,375,USD,23
985,401510,Deposit,2650.13498,11-09-2025 00:00,334,USD,13
986,857121,Withdrawal,7280.53985,12-09-2025 00:00,76,EUR,10
987,698483,Transfer,4993.253517,13-09-2025 00:00,313,GBP,15
988,561648,Payment,6618.323006,14-09-2025 00:00,275,EUR,10
990,771223,Withdrawal,287.1492668,16-09-2025 00:00,76,USD,1
991,940376,Transfer,4448.009029,17-09-2025 00:00,263,EUR,9
992,370725,Payment,2209.289289,18-09-2025 00:00,195,EUR,1
994,525528,Deposit,3408.566752,20-09-2025 00:00,497,JPY,17
996,587579,Payment,3750.672573,22-09-2025 00:00,272,EUR,9
997,242551,Transfer,5424.095785,23-09-2025 00:00,128,EUR,13
998,945486,Payment,8790.038555,24-09-2025 00:00,242,GBP,3
999,887245,Transfer,9602.452017,25-09-2025 00:00,153,JPY,16
